FILENAME,URL,URLLength,Domain,DomainLength,IsDomainIP,TLD,URLSimilarityIndex,CharContinuationRate,TLDLegitimateProb,URLCharProb,TLDLength,NoOfSubDomain,HasObfuscation,NoOfObfuscatedChar,ObfuscationRatio,NoOfLettersInURL,LetterRatioInURL,NoOfDegitsInURL,DegitRatioInURL,NoOfEqualsInURL,NoOfQMarkInURL,NoOfAmpersandInURL,NoOfOtherSpecialCharsInURL,SpacialCharRatioInURL,IsHTTPS,LineOfCode,LargestLineLength,HasTitle,Title,DomainTitleMatchScore,URLTitleMatchScore,HasFavicon,Robots,IsResponsive,NoOfURLRedirect,NoOfSelfRedirect,HasDescription,NoOfPopup,NoOfiFrame,HasExternalFormSubmit,HasSocialNet,HasSubmitButton,HasHiddenFields,HasPasswordField,Bank,Pay,Crypto,HasCopyrightInfo,NoOfImage,NoOfCSS,NoOfJS,NoOfSelfRef,NoOfEmptyRef,NoOfExternalRef,label,For Visual
109011.txt,https://www.famousauthors.org,28,www.famousauthors.org,21,0,org,100,1,0.0799628,0.061648419,3,1,0,0,0,15,0.536,0,0,0,0,0,1,0.036,1,452,1177,1,famousauths,0,0,1,1,1,0,0,1,0,0,0,0,1,1,0,0,0,0,1,3,3,7,279,0,278,1,Valuable
460736.txt,https://www.accounts4tutorials.com,33,www.accounts4tutorials.com,26,0,com,100,0.555555556,0.5229071,0.062781362,3,1,0,0,0,19,0.576,1,0.03,0,0,0,1,0.03,1,4105,10787,1,acunts4tutorials,0,0,1,0,0,1,0,0,1,5,0,1,1,1,0,1,0,0,1,17,3,17,113,0,130,1,Valuable
35290.txt,https://www.nowsecure.com,24,www.nowsecure.com,17,0,com,100,1,0.5229071,0.06795848,3,1,0,0,0,11,0.458,0,0,0,0,0,1,0.042,1,1618,20059,1,nowsecure,100,100,1,1,1,0,0,1,0,2,0,1,0,1,0,1,0,0,1,59,19,54,74,14,100,1,Valuable
511821.txt,https://www.backwoodsauthor.com,30,www.backwoodsauthor.com,23,0,com,100,1,0.5229071,0.060383048,3,1,0,0,0,17,0.567,0,0,0,0,0,1,0.033,1,881,13428,1,backwoodsauthor,100,100,1,1,1,0,0,1,0,0,0,0,1,1,1,0,1,0,1,18,16,54,40,0,38,1,Valuable
384981.txt,https://www.qusecure.com,23,www.qusecure.com,16,0,com,100,1,0.5229071,0.061007334,3,1,0,0,0,10,0.435,0,0,0,0,0,1,0.043,1,9253,17735,1,qusecure,100,100,1,1,1,0,0,1,0,0,0,1,0,1,0,1,1,1,1,31,7,24,93,2,103,1,Valuable
238047.txt,https://www.claimsecure.com,26,www.claimsecure.com,19,0,com,100,1,0.5229071,0.069147746,3,1,0,0,0,13,0.5,0,0,0,0,0,1,0.038,1,2148,793,1,claimsecure,100,100,1,0,1,1,0,1,0,0,0,1,1,1,1,0,0,0,1,22,1,10,163,11,34,1,Valuable
575966.txt,https://www.taramillsauthor.com,30,www.taramillsauthor.com,23,0,com,100,1,0.5229071,0.063443241,3,1,0,0,0,17,0.567,0,0,0,0,0,1,0.033,1,1193,1350,1,taramillsauthor,100,100,0,0,1,0,0,1,0,3,0,1,0,1,0,0,1,0,0,10,5,12,53,1,11,1,Valuable
541102.txt,https://www.gadsaccounts.com,27,www.gadsaccounts.com,20,0,com,100,1,0.5229071,0.064314923,3,1,0,0,0,14,0.519,0,0,0,0,0,1,0.037,1,2280,33770,1,gadsacunts,0,0,0,1,1,0,0,1,0,2,1,1,1,1,1,0,1,1,1,29,22,37,83,11,84,1,Valuable
545249.txt,https://www.designingdisney.com,30,www.designingdisney.com,23,0,com,100,1,0.5229071,0.056378918,3,1,0,0,0,17,0.567,0,0,0,0,0,1,0.033,1,636,425,1,designingdisney,100,100,1,0,1,0,0,1,0,0,0,1,0,0,0,0,0,0,1,15,1,3,60,3,5,1,Valuable
886987.txt,https://www.nonsportupdate.com,29,www.nonsportupdate.com,22,0,com,100,1,0.5229071,0.062872133,3,1,0,0,0,16,0.552,0,0,0,0,0,1,0.034,1,494,267,1,nonsportupdate,100,100,0,0,1,0,0,1,0,2,0,1,1,0,0,0,0,0,1,12,4,6,30,0,50,1,Valuable
230350.txt,https://www.tourismupdate.co.za,30,www.tourismupdate.co.za,23,0,za,100,0.875,0.0018398,0.057827357,2,2,0,0,0,16,0.533,0,0,0,0,0,2,0.067,1,784,6594,1,tourismupdateco,0,0,1,0,1,0,0,0,0,2,0,1,1,1,0,0,0,0,1,41,7,18,162,0,34,1,Valuable
767567.txt,https://www.systemaccounting.org,31,www.systemaccounting.org,24,0,org,100,1,0.0799628,0.062153181,3,1,0,0,0,18,0.581,0,0,0,0,0,1,0.032,1,1429,2307,1,systemaccounting,100,100,0,0,0,1,0,1,0,6,0,1,1,1,0,1,1,0,0,7,1,7,50,0,24,1,Valuable
460592.txt,https://www.bethanylopezauthor.com,33,www.bethanylopezauthor.com,26,0,com,100,1,0.5229071,0.057027422,3,1,0,0,0,20,0.606,0,0,0,0,0,1,0.03,1,3657,10582,1,bethanylopezauthor,100,100,1,0,0,0,0,0,7,26,0,1,1,0,0,0,0,0,0,29,3,10,210,0,251,1,Valuable
568787.txt,https://www.login.gov,20,www.login.gov,13,0,gov,100,1,0.0033282,0.06071373,3,1,0,0,0,7,0.35,0,0,0,0,0,1,0.05,1,674,218,1,login,100,100,1,0,0,0,0,1,0,2,0,0,1,1,0,0,0,0,0,8,1,7,28,0,17,1,Valuable
112767.txt,https://www.charteredaccountantsanz.com,38,www.charteredaccountantsanz.com,31,0,com,100,1,0.5229071,0.064388178,3,1,0,0,0,25,0.658,0,0,0,0,0,1,0.026,1,4300,425,1,charteredacuntantsanz,0,0,1,1,1,0,0,1,0,0,0,1,1,0,0,0,0,0,1,2,2,20,281,0,28,1,Valuable
58151.txt,https://www.journalofaccountancy.com,35,www.journalofaccountancy.com,28,0,com,100,1,0.5229071,0.062540173,3,1,0,0,0,22,0.629,0,0,0,0,0,1,0.029,1,1006,1365,1,journalofacuntancy,0,0,1,0,1,0,0,1,0,2,0,1,1,1,0,0,1,0,1,31,6,14,83,5,20,1,Valuable
536779.txt,https://www.authoralanaalbertson.com,35,www.authoralanaalbertson.com,28,0,com,100,1,0.5229071,0.065747862,3,1,0,0,0,22,0.629,0,0,0,0,0,1,0.029,1,2612,13652,1,authoralanaalbertson,100,100,1,1,1,0,0,0,0,0,1,1,1,1,0,0,0,0,1,50,37,34,117,3,137,1,Valuable
550909.txt,https://www.findmeanauthor.com,29,www.findmeanauthor.com,22,0,com,100,1,0.5229071,0.061754957,3,1,0,0,0,16,0.552,0,0,0,0,0,1,0.034,1,160,537,1,findmeanauthor,100,100,1,0,1,0,0,1,0,2,0,0,0,0,0,0,0,0,1,3,2,4,1,0,3,1,Valuable
143038.txt,https://www.wikitechupdates.com,30,www.wikitechupdates.com,23,0,com,100,1,0.5229071,0.05521112,3,1,0,0,0,17,0.567,0,0,0,0,0,1,0.033,1,963,9419,1,wikitechupdates,100,100,0,1,1,0,0,1,0,0,0,1,1,1,0,0,0,0,1,24,13,18,74,1,93,1,Valuable
254951.txt,https://www.zydusverify.com,26,www.zydusverify.com,19,0,com,100,1,0.5229071,0.043499235,3,1,0,0,0,13,0.5,0,0,0,0,0,1,0.038,1,225,304,1,zydusverify,100,100,1,0,1,0,0,1,0,0,0,0,0,0,0,0,0,0,1,17,5,7,0,6,5,1,Valuable
179762.txt,https://www.agupdate.com,23,www.agupdate.com,16,0,com,100,1,0.5229071,0.059807267,3,1,0,0,0,10,0.435,0,0,0,0,0,1,0.043,1,7614,10408,1,agupdate,100,100,0,1,1,0,0,1,0,3,0,1,1,1,0,0,1,0,1,99,6,33,317,0,29,1,Valuable
418018.txt,https://www.authconn.com,23,www.authconn.com,16,0,com,100,1,0.5229071,0.065784037,3,1,0,0,0,10,0.435,0,0,0,0,0,1,0.043,1,646,650,1,authnn,0,0,0,0,1,0,0,1,0,5,0,1,0,1,0,0,1,0,1,22,5,6,1,0,29,1,Valuable
147782.txt,https://www.accountantsworld.com,31,www.accountantsworld.com,24,0,com,100,1,0.5229071,0.063745348,3,1,0,0,0,18,0.581,0,0,0,0,0,1,0.032,1,530,9381,1,acuntantsworld,0,0,0,1,1,0,0,1,0,2,0,1,1,1,0,0,1,0,1,37,13,19,68,0,58,1,Valuable
179198.txt,https://www.dasta.auth.gr,24,www.dasta.auth.gr,17,0,gr,100,0.6,0.0016589,0.052438623,2,2,0,0,0,10,0.417,0,0,0,0,0,2,0.083,1,917,2853,1,dastaauth,0,0,0,0,1,0,0,0,0,0,0,1,0,1,0,0,0,0,0,15,2,5,131,45,32,1,Valuable
110886.txt,https://www.skinauthority.com,28,www.skinauthority.com,21,0,com,100,1,0.5229071,0.057087788,3,1,0,0,0,15,0.536,0,0,0,0,0,1,0.036,1,8946,26435,1,skinauthority,100,100,1,1,1,1,1,1,0,24,0,1,1,1,1,1,1,0,1,116,13,36,138,5,24,1,Valuable
563695.txt,https://www.secure-marine.com,28,www.secure-marine.com,21,0,com,100,0.538461538,0.5229071,0.070888444,3,1,0,0,0,14,0.5,0,0,0,0,0,2,0.071,1,323,442,1,secure-marine,100,100,0,1,0,0,0,1,0,0,0,0,0,0,0,0,0,1,1,0,1,1,0,0,7,1,Valuable
147498.txt,https://www.asauthors.org,24,www.asauthors.org,17,0,org,100,1,0.0799628,0.064909259,3,1,0,0,0,11,0.458,0,0,0,0,0,1,0.042,1,769,848,1,asauths,0,0,1,0,1,0,0,1,0,0,0,1,1,1,1,0,1,0,1,15,12,27,136,2,84,1,Valuable
255845.txt,https://www.4login.jp,20,www.4login.jp,13,0,jp,100,1,0.0230451,0.043005915,2,1,0,0,0,6,0.3,1,0.05,0,0,0,1,0.05,1,1017,10533,1,4login,100,100,0,1,1,0,0,1,0,2,0,0,1,1,0,0,0,0,1,24,16,22,83,0,90,1,Valuable
507583.txt,https://www.allianceindependentauthors.org,41,www.allianceindependentauthors.org,34,0,org,100,1,0.0799628,0.06263611,3,1,0,0,0,28,0.683,0,0,0,0,0,1,0.024,1,1088,18349,1,allianceindependentauths,0,0,1,1,1,0,0,1,1,0,0,1,1,1,0,0,1,0,1,18,23,35,100,13,92,1,Valuable
135207.txt,https://www.securemac.com,24,www.securemac.com,17,0,com,100,1,0.5229071,0.072069902,3,1,0,0,0,11,0.458,0,0,0,0,0,1,0.042,1,612,8228,1,securemac,100,100,0,0,0,0,0,0,0,2,0,1,1,1,0,0,0,1,1,28,6,7,222,0,230,1,Valuable
99228.txt,https://www.pulsesecure.net,26,www.pulsesecure.net,19,0,net,100,1,0.0384199,0.061036268,3,1,0,0,0,13,0.5,0,0,0,0,0,1,0.038,1,868,828,1,pulsesecure,100,100,1,1,0,0,0,1,0,0,0,0,0,0,0,0,0,0,0,19,0,4,20,0,28,1,Valuable
656454.txt,https://www.myobaccountingsoftware.com,37,www.myobaccountingsoftware.com,30,0,com,100,1,0.5229071,0.061278842,3,1,0,0,0,24,0.649,0,0,0,0,0,1,0.027,1,358,9381,1,myobacuntingsoftware,0,0,0,1,1,0,0,1,0,0,0,1,0,0,0,0,1,0,1,12,12,14,43,1,49,1,Valuable
617618.txt,https://www.secureplatformfunding.com,36,www.secureplatformfunding.com,29,0,com,100,1,0.5229071,0.056761703,3,1,0,0,0,23,0.639,0,0,0,0,0,1,0.028,1,979,9381,1,secureplatformfunding,100,100,0,1,1,0,0,1,0,1,0,1,0,1,0,1,1,0,1,33,41,68,161,2,163,1,Valuable
520335.txt,https://www.canadianauthors.net,30,www.canadianauthors.net,23,0,net,100,1,0.0384199,0.063849886,3,1,0,0,0,17,0.567,0,0,0,0,0,1,0.033,1,304,1163,1,canadianauthors,100,100,0,1,0,0,0,0,0,0,0,1,1,1,0,0,0,0,1,4,2,8,52,0,56,1,Valuable
481447.txt,https://www.account-consultant.com,33,www.account-consultant.com,26,0,com,100,0.611111111,0.5229071,0.066400154,3,1,0,0,0,19,0.576,0,0,0,0,0,2,0.061,1,874,1293,1,acunt-nsultant,0,0,1,0,1,0,0,1,0,0,0,1,0,0,0,0,1,0,1,23,24,22,123,6,134,1,Valuable
829319.txt,https://www.financeupdates.net,29,www.financeupdates.net,22,0,net,100,1,0.0384199,0.059555536,3,1,0,0,0,16,0.552,0,0,0,0,0,1,0.034,1,1269,22979,1,financeupdates,100,100,0,1,1,0,0,1,0,0,0,1,1,0,0,0,0,0,1,36,28,47,146,4,150,1,Valuable
715004.txt,https://www.author-me.com,24,www.author-me.com,17,0,com,100,0.777777778,0.5229071,0.068323558,3,1,0,0,0,10,0.417,0,0,0,0,0,2,0.083,1,821,983,1,author-me,100,100,0,0,1,0,0,1,0,0,0,1,0,0,0,0,1,0,1,20,3,10,15,0,113,1,Valuable
871192.txt,https://www.susanpeekauthor.com,30,www.susanpeekauthor.com,23,0,com,100,1,0.5229071,0.06083455,3,1,0,0,0,17,0.567,0,0,0,0,0,1,0.033,1,770,1903,1,susanpeekauthor,100,100,0,0,1,0,0,1,0,3,0,0,1,1,0,0,1,0,0,24,14,11,21,0,12,1,Valuable
512789.txt,https://www.setupyouraccounts.com,32,www.setupyouraccounts.com,25,0,com,100,1,0.5229071,0.061675605,3,1,0,0,0,19,0.594,0,0,0,0,0,1,0.031,1,1077,19168,1,setupyouracunts,0,0,0,1,1,0,0,1,0,0,0,1,0,1,0,0,1,0,1,12,12,5,70,0,82,1,Valuable
17618.txt,https://www.securepay.my,23,www.securepay.my,16,0,my,100,1,0.0007497,0.058326496,2,1,0,0,0,10,0.435,0,0,0,0,0,1,0.043,1,1073,2384,1,securepay,100,100,1,1,1,0,0,1,0,0,0,1,0,1,0,1,1,0,1,7,34,34,77,4,89,1,Valuable
555022.txt,https://www.gardendesigninc.com,30,www.gardendesigninc.com,23,0,com,100,1,0.5229071,0.061319248,3,1,0,0,0,17,0.567,0,0,0,0,0,1,0.033,1,394,755,1,gardendesigninc,100,100,1,0,1,0,0,1,0,0,0,1,1,1,0,0,0,0,1,17,4,4,48,0,10,1,Valuable
455904.txt,https://www.stornowayportauthority.com,37,www.stornowayportauthority.com,30,0,com,100,1,0.5229071,0.060394428,3,1,0,0,0,24,0.649,0,0,0,0,0,1,0.027,1,1129,7468,1,stornowayportauthority,100,100,1,0,1,0,0,1,0,2,0,1,0,0,0,0,0,0,1,27,10,12,82,0,14,1,Valuable
612490.txt,https://www.jmcsecure.co.uk,26,www.jmcsecure.co.uk,19,0,uk,100,0.833333333,0.028555,0.062399509,2,2,0,0,0,12,0.462,0,0,0,0,0,2,0.077,1,1210,4415,1,jmcsecreco,0,0,1,0,1,0,0,1,1,2,0,1,1,1,0,0,1,0,1,23,8,20,67,8,6,1,Valuable
829707.txt,https://www.accountingdetails.com,32,www.accountingdetails.com,25,0,com,100,1,0.5229071,0.064020653,3,1,0,0,0,19,0.594,0,0,0,0,0,1,0.031,1,1277,8047,1,acuntingdetails,0,0,0,1,1,0,0,1,0,0,0,0,1,0,0,1,1,0,1,5,5,7,468,2,42,1,Valuable
50815.txt,https://www.autharmor.com,24,www.autharmor.com,17,0,com,100,1,0.5229071,0.067028611,3,1,0,0,0,11,0.458,0,0,0,0,0,1,0.042,1,744,256,1,autharmor,100,100,0,0,1,0,0,0,0,0,0,1,0,0,0,0,0,0,1,5,5,5,42,12,24,1,Valuable
625718.txt,https://www.ronhullauthor.com,28,www.ronhullauthor.com,21,0,com,100,1,0.5229071,0.059698908,3,1,0,0,0,15,0.536,0,0,0,0,0,1,0.036,1,336,541,1,ronhullauthor,100,100,0,0,0,0,0,1,1,0,0,0,0,0,0,0,0,0,0,65,0,1,1,0,32,1,Valuable
610627.txt,https://www.kgfletcherauthor.com,31,www.kgfletcherauthor.com,24,0,com,100,1,0.5229071,0.057040895,3,1,0,0,0,18,0.581,0,0,0,0,0,1,0.032,1,646,2054,1,kgfletcherauthor,100,100,0,0,1,0,0,0,0,3,0,1,0,1,0,0,1,0,1,3,9,11,35,1,3,1,Valuable
466592.txt,https://www.bulldogsecure.com,28,www.bulldogsecure.com,21,0,com,100,1,0.5229071,0.058527059,3,1,0,0,0,15,0.536,0,0,0,0,0,1,0.036,1,227,1021,1,bulldogsecure,100,100,0,0,0,0,0,0,0,0,0,1,1,0,0,0,0,0,1,17,5,7,53,2,47,1,Valuable
45044.txt,https://www.authentichappiness.sas.upenn.edu,43,www.authentichappiness.sas.upenn.edu,36,0,edu,100,0.678571429,0.0115013,0.056478828,3,3,0,0,0,28,0.651,0,0,0,0,0,3,0.07,1,754,6197,1,authentichappinesssasupenn,0,0,1,0,1,0,0,0,0,1,0,1,1,1,1,0,0,0,1,15,35,22,135,1,26,1,Valuable
805207.txt,https://www.falkensecurenetworks.com,35,www.falkensecurenetworks.com,28,0,com,100,1,0.5229071,0.060367485,3,1,0,0,0,22,0.629,0,0,0,0,0,1,0.029,1,238,1195,1,falkensecurenetworks,100,100,0,0,0,0,0,1,0,0,0,0,0,0,0,0,0,0,1,4,2,2,4,0,5,1,Valuable
96398.txt,https://www.accountingcoach.com,30,www.accountingcoach.com,23,0,com,100,1,0.5229071,0.067749745,3,1,0,0,0,17,0.567,0,0,0,0,0,1,0.033,1,1409,530,1,acuntingach,0,0,0,0,1,0,0,1,1,2,0,1,1,1,0,1,1,0,1,11,6,12,117,10,105,1,Valuable
236351.txt,https://www.verifyhalal.com,26,www.verifyhalal.com,19,0,com,100,1,0.5229071,0.054000252,3,1,0,0,0,13,0.5,0,0,0,0,0,1,0.038,1,1391,346,1,verifyhalal,100,100,0,0,1,1,0,0,2,0,0,1,1,0,0,0,0,0,1,51,15,16,25,0,24,1,Valuable
94515.txt,https://www.thecleaningauthority.com,35,www.thecleaningauthority.com,28,0,com,100,1,0.5229071,0.060261065,3,1,0,0,0,22,0.629,0,0,0,0,0,1,0.029,1,849,18178,1,thecleaningauthority,100,100,0,0,0,0,0,1,0,1,0,1,0,0,0,0,0,0,1,28,2,6,92,0,34,1,Valuable
443117.txt,https://www.secureitgunstorage.com,33,www.secureitgunstorage.com,26,0,com,100,1,0.5229071,0.0643599,3,1,0,0,0,20,0.606,0,0,0,0,0,1,0.03,1,1879,9176,1,secureitgunstorage,100,100,1,1,1,0,0,1,0,13,1,1,1,1,0,1,1,0,1,18,51,76,131,3,142,1,Valuable
692088.txt,https://www.pageantupdate.info,29,www.pageantupdate.info,22,0,info,100,1,0.0075051,0.054194964,4,1,0,0,0,16,0.552,0,0,0,0,0,1,0.034,1,1812,32259,1,pageantupdate,100,100,0,1,1,0,0,1,0,0,1,1,1,1,0,0,0,0,0,22,35,33,62,2,65,1,Valuable
873925.txt,https://www.saas-secure.com,26,www.saas-secure.com,19,0,com,100,0.636363636,0.5229071,0.07091463,3,1,0,0,0,12,0.462,0,0,0,0,0,2,0.077,1,540,348,1,saas-secure,100,100,1,1,1,0,0,1,0,0,0,0,0,0,0,1,1,0,0,9,4,3,45,1,49,1,Valuable
75127.txt,https://www.floraldesigninstitute.com,36,www.floraldesigninstitute.com,29,0,com,100,1,0.5229071,0.059671637,3,1,0,0,0,23,0.639,0,0,0,0,0,1,0.028,1,1502,2690,1,floraldesigninstitute,100,100,0,0,1,0,0,1,0,19,0,1,1,1,1,1,1,0,1,32,30,23,65,0,20,1,Valuable
779351.txt,https://www.kokodatrackauthority.org,35,www.kokodatrackauthority.org,28,0,org,100,1,0.0799628,0.058592113,3,1,0,0,0,22,0.629,0,0,0,0,0,1,0.029,1,1302,2158,1,kokodatrackauthity,0,0,0,1,1,1,0,1,1,0,0,0,0,1,1,0,0,0,1,29,11,17,33,7,10,1,Valuable
448986.txt,https://www.influencerupdate.biz,31,www.influencerupdate.biz,24,0,biz,100,1,0.0017975,0.054505559,3,1,0,0,0,18,0.581,0,0,0,0,0,1,0.032,1,5069,1431,1,influencerupdate,100,100,1,0,1,0,0,1,0,13,0,1,1,1,1,0,0,0,1,160,7,17,845,0,182,1,Valuable
453033.txt,https://www.kicksecure.com,25,www.kicksecure.com,18,0,com,100,1,0.5229071,0.062063431,3,1,0,0,0,12,0.48,0,0,0,0,0,1,0.04,1,1625,1504,1,kicksecure,100,100,1,0,1,0,0,1,0,0,0,1,1,1,0,1,0,1,1,129,6,2,163,2,48,1,Valuable
55750.txt,https://www.designindaba.com,27,www.designindaba.com,20,0,com,100,1,0.5229071,0.059746709,3,1,0,0,0,14,0.519,0,0,0,0,0,1,0.037,1,1332,5747,1,designindaba,100,100,1,1,1,0,0,1,0,0,0,1,1,0,0,0,1,0,1,79,7,47,243,0,68,1,Valuable
130357.txt,https://www.greaternoidaauthority.in,35,www.greaternoidaauthority.in,28,0,in,100,1,0.0050842,0.061589002,2,1,0,0,0,22,0.629,0,0,0,0,0,1,0.029,1,3228,1502,1,greaternodaauthorty,0,0,1,0,0,0,0,0,0,0,0,1,0,1,0,1,1,0,1,19,40,15,308,0,80,1,Valuable
415883.txt,https://www.accountsandlegal.co.uk,33,www.accountsandlegal.co.uk,26,0,uk,100,0.894736842,0.028555,0.062686579,2,2,0,0,0,19,0.576,0,0,0,0,0,2,0.061,1,457,1395,1,accontsandlegalco,0,0,0,0,1,0,0,1,0,3,0,1,0,0,0,1,1,0,1,18,0,7,69,0,6,1,Valuable
408647.txt,https://www.redcircleauthors.com,31,www.redcircleauthors.com,24,0,com,100,1,0.5229071,0.065157145,3,1,0,0,0,18,0.581,0,0,0,0,0,1,0.032,1,707,9381,1,redcircleauthors,100,100,1,1,1,0,0,1,0,0,0,1,1,0,0,0,0,0,1,34,9,13,101,1,109,1,Valuable
638329.txt,https://www.authortv.in,22,www.authortv.in,15,0,in,100,1,0.0050842,0.054001969,2,1,0,0,0,9,0.409,0,0,0,0,0,1,0.045,1,2198,1728,1,authortv,100,100,1,0,0,0,0,1,0,1,0,1,1,1,0,0,0,0,0,139,43,6,100,1,79,1,Valuable
862573.txt,https://www.rhythmauthors.com,28,www.rhythmauthors.com,21,0,com,100,1,0.5229071,0.055180436,3,1,0,0,0,15,0.536,0,0,0,0,0,1,0.036,1,248,417,1,rhythmauthors,100,100,1,0,0,0,0,1,0,1,0,1,1,1,1,0,0,0,1,10,3,7,15,3,15,1,Valuable
535613.txt,https://www.openspaceauthority.org,33,www.openspaceauthority.org,26,0,org,100,1,0.0799628,0.062603868,3,1,0,0,0,20,0.606,0,0,0,0,0,1,0.03,1,2668,358,1,openspaceauthity,0,0,1,0,1,0,0,1,0,2,0,1,0,0,0,0,0,0,1,50,2,13,289,22,300,1,Valuable
644418.txt,https://www.beigedesigninterieur.com,35,www.beigedesigninterieur.com,28,0,com,100,1,0.5229071,0.06215304,3,1,0,0,0,22,0.629,0,0,0,0,0,1,0.029,1,493,2638,1,beigedesigninterieur,100,100,0,1,1,0,0,1,0,0,0,1,0,0,0,0,0,0,1,13,15,18,55,0,59,1,Valuable
176645.txt,https://www.greendayauthority.com,32,www.greendayauthority.com,25,0,com,100,1,0.5229071,0.058743283,3,1,0,0,0,19,0.594,0,0,0,0,0,1,0.031,1,543,2545,1,greendayauthority,100,100,1,0,1,1,0,0,1,0,0,1,1,0,0,0,0,0,1,20,3,15,112,5,122,1,Valuable
19717.txt,https://www.authormedia.com,26,www.authormedia.com,19,0,com,100,1,0.5229071,0.06601375,3,1,0,0,0,13,0.5,0,0,0,0,0,1,0.038,1,1682,20073,1,authormedia,100,100,0,1,1,0,0,1,1,3,0,1,0,1,0,0,1,0,0,38,1,23,86,1,100,1,Valuable
445896.txt,https://www.tokyogirlsupdate.com,31,www.tokyogirlsupdate.com,24,0,com,100,1,0.5229071,0.057210962,3,1,0,0,0,18,0.581,0,0,0,0,0,1,0.032,1,2290,8047,1,tokyogirlsupdate,100,100,1,1,1,0,0,1,0,1,0,1,1,1,1,0,0,0,1,90,21,35,256,9,253,1,Valuable
453120.txt,https://www.signingagent.com,27,www.signingagent.com,20,0,com,100,1,0.5229071,0.060069169,3,1,0,0,0,14,0.519,0,0,0,0,0,1,0.037,1,114,264,1,signingagent,100,100,1,0,1,0,0,1,0,2,0,0,0,0,0,0,0,0,0,1,2,10,3,0,1,1,Valuable
893353.txt,https://www.lawyersupdate.co.in,30,www.lawyersupdate.co.in,23,0,in,100,0.875,0.0050842,0.0567304,2,2,0,0,0,16,0.533,0,0,0,0,0,2,0.067,1,1876,23702,1,lawyersupdateco,0,0,0,1,1,0,0,1,0,0,1,1,1,0,0,0,1,0,1,66,13,13,247,2,255,1,Valuable
404216.txt,https://www.geologinenseura.fi,29,www.geologinenseura.fi,22,0,fi,100,1,0.0027596,0.06231596,2,1,0,0,0,16,0.552,0,0,0,0,0,1,0.034,1,348,1997,1,geologinenseura,100,100,0,0,1,0,0,0,0,0,0,1,1,1,0,0,0,0,1,13,18,15,57,0,12,1,Valuable
82939.txt,https://www.authorljshen.com,27,www.authorljshen.com,20,0,com,100,1,0.5229071,0.057649649,3,1,0,0,0,14,0.519,0,0,0,0,0,1,0.037,1,952,9381,1,authorljshen,100,100,0,0,1,0,0,1,0,0,1,1,1,1,0,0,1,0,1,21,28,38,53,0,57,1,Valuable
794096.txt,https://www.pharm.auth.gr,24,www.pharm.auth.gr,17,0,gr,100,0.6,0.0016589,0.047466486,2,2,0,0,0,10,0.417,0,0,0,0,0,2,0.083,1,1208,9381,1,pharmauth,0,0,0,1,1,0,0,0,0,1,0,1,0,1,0,0,0,0,1,10,11,11,211,14,218,1,Valuable
684029.txt,https://www.secureconsulting.net,31,www.secureconsulting.net,24,0,net,100,1,0.0384199,0.061994793,3,1,0,0,0,18,0.581,0,0,0,0,0,1,0.032,1,1278,851,1,secureconsulting,100,100,0,0,0,0,0,0,0,0,0,1,1,1,0,0,0,0,0,15,1,1,19,0,110,1,Valuable
572834.txt,https://www.securefencing.co.in,30,www.securefencing.co.in,23,0,in,100,0.875,0.0050842,0.06398589,2,2,0,0,0,16,0.533,0,0,0,0,0,2,0.067,1,649,773,1,securefencngco,0,0,0,1,1,0,0,1,0,2,0,1,1,0,0,0,0,0,1,29,14,17,3,6,21,1,Valuable
611307.txt,https://www.susanharrisauthor.com,32,www.susanharrisauthor.com,25,0,com,100,1,0.5229071,0.061190164,3,1,0,0,0,19,0.594,0,0,0,0,0,1,0.031,1,708,1030,1,susanharrisauthor,100,100,0,0,1,0,0,0,0,3,0,1,0,1,0,0,1,0,1,20,7,9,23,0,3,1,Valuable
2831.txt,https://www.trainingauthors.com,30,www.trainingauthors.com,23,0,com,100,1,0.5229071,0.062130308,3,1,0,0,0,17,0.567,0,0,0,0,0,1,0.033,1,433,9381,1,trainingauthors,100,100,1,1,1,0,0,1,1,0,1,1,1,0,0,1,0,0,1,8,20,20,23,0,68,1,Valuable
448184.txt,https://www.greenbuildinglawupdate.com,37,www.greenbuildinglawupdate.com,30,0,com,100,1,0.5229071,0.053777414,3,1,0,0,0,24,0.649,0,0,0,0,0,1,0.027,1,1323,9381,1,greenbuildinglawupdate,100,100,0,1,1,0,0,1,0,0,1,1,1,1,0,0,1,0,1,16,8,13,62,0,107,1,Valuable
46970.txt,https://www.e-verify.gov,23,www.e-verify.gov,16,0,gov,100,0.875,0.0033282,0.052705152,3,1,0,0,0,9,0.391,0,0,0,0,0,2,0.087,1,857,3845,1,e-verify,100,100,0,0,1,0,0,1,0,3,0,1,0,1,0,0,0,0,0,35,7,10,111,18,33,1,Valuable
178616.txt,https://www.streetauthority.com,30,www.streetauthority.com,23,0,com,100,1,0.5229071,0.062987699,3,1,0,0,0,17,0.567,0,0,0,0,0,1,0.033,1,1694,8047,1,streetauthority,100,100,1,1,1,0,0,1,0,16,0,0,0,1,0,1,1,0,1,29,4,8,156,0,114,1,Valuable
428494.txt,https://www.limitloginattempts.com,33,www.limitloginattempts.com,26,0,com,100,1,0.5229071,0.061715251,3,1,0,0,0,20,0.606,0,0,0,0,0,1,0.03,1,1070,3631,1,limitloginattempts,100,100,1,1,1,1,0,0,0,10,0,1,1,1,0,0,0,0,1,38,25,30,81,2,81,1,Valuable
863116.txt,https://www.churchauthority.org,30,www.churchauthority.org,23,0,org,100,1,0.0799628,0.055319816,3,1,0,0,0,17,0.567,0,0,0,0,0,1,0.033,1,672,9381,1,churchauthity,0,0,0,1,1,0,0,0,0,5,0,1,1,0,0,0,0,0,0,238,7,12,283,0,287,1,Valuable
747432.txt,https://www.theaccountancy.co.uk,31,www.theaccountancy.co.uk,24,0,uk,100,0.882352941,0.028555,0.063237815,2,2,0,0,0,17,0.548,0,0,0,0,0,2,0.065,1,1624,25812,1,theaccontancyco,0,0,1,1,0,0,0,1,0,1,0,1,1,1,0,1,1,0,1,10,17,24,128,0,131,1,Valuable
525310.txt,https://www.uptownupdate.com,27,www.uptownupdate.com,20,0,com,100,1,0.5229071,0.055073142,3,1,0,0,0,14,0.519,0,0,0,0,0,1,0.037,1,1914,6515,1,uptownupdate,100,100,1,0,0,0,0,0,13,8,0,1,1,0,0,1,0,0,0,30,3,9,59,0,153,1,Valuable
881589.txt,https://www.authenticviews.com,29,www.authenticviews.com,22,0,com,100,1,0.5229071,0.058499858,3,1,0,0,0,16,0.552,0,0,0,0,0,1,0.034,1,353,1450,1,authenticviews,100,100,0,1,1,0,0,1,0,2,0,1,0,0,0,0,1,0,1,21,4,11,1,5,9,1,Valuable
487545.txt,https://www.accountancydaily.co,30,www.accountancydaily.co,23,0,co,100,1,0.0059772,0.059044012,2,1,0,0,0,17,0.567,0,0,0,0,0,1,0.033,1,1611,8116,1,aountanydaily,0,0,1,1,1,0,0,1,0,1,0,1,1,1,0,1,1,1,1,23,29,67,142,4,46,1,Valuable
571650.txt,https://www.portauthority.hr,27,www.portauthority.hr,20,0,hr,100,1,0.0005731,0.054071645,2,1,0,0,0,14,0.519,0,0,0,0,0,1,0.037,1,579,1782,1,portautority,0,0,1,0,1,0,0,1,0,0,0,0,0,0,0,0,0,0,0,23,6,14,117,1,119,1,Valuable
595116.txt,https://www.authorship.ugent.be,30,www.authorship.ugent.be,23,0,be,100,0.6875,0.0033189,0.05059624,2,2,0,0,0,16,0.533,0,0,0,0,0,2,0.067,1,507,489,1,authorshipugent,0,0,0,0,1,0,0,0,0,0,0,0,1,1,0,0,0,0,0,1,7,8,31,4,16,1,Valuable
441258.txt,https://www.anationauthor.com,28,www.anationauthor.com,21,0,com,100,1,0.5229071,0.068724918,3,1,0,0,0,15,0.536,0,0,0,0,0,1,0.036,1,934,861,1,anationauthor,100,100,1,0,1,0,0,1,5,0,0,1,1,0,0,0,1,0,1,86,0,0,41,0,148,1,Valuable
534151.txt,https://www.mobileairportauthority.com,37,www.mobileairportauthority.com,30,0,com,100,1,0.5229071,0.062411553,3,1,0,0,0,24,0.649,0,0,0,0,0,1,0.027,1,152,669,1,mobileairportauthority,100,100,0,0,1,0,0,0,0,0,0,1,0,0,0,0,0,0,1,9,3,19,18,0,24,1,Valuable
129795.txt,https://www.auth.gr,18,www.auth.gr,11,0,gr,100,1,0.0016589,0.044105249,2,1,0,0,0,5,0.278,0,0,0,0,0,1,0.056,1,930,9381,1,auth,100,100,0,1,1,0,0,0,1,0,0,1,1,1,0,0,0,0,1,12,23,26,206,31,218,1,Valuable
653077.txt,https://www.kdunnauthor.com,26,www.kdunnauthor.com,19,0,com,100,1,0.5229071,0.055777632,3,1,0,0,0,13,0.5,0,0,0,0,0,1,0.038,1,348,1902,1,kdunnauthor,100,100,0,0,1,0,0,0,0,0,0,1,1,0,0,0,0,0,0,8,5,12,0,0,37,1,Valuable
118903.txt,https://www.leadingauthorities.com,33,www.leadingauthorities.com,26,0,com,100,1,0.5229071,0.062596261,3,1,0,0,0,20,0.606,0,0,0,0,0,1,0.03,1,3930,3663,1,leadingauthorities,100,100,1,0,1,0,0,1,0,3,0,1,1,1,0,0,0,1,1,69,9,25,121,0,48,1,Valuable
417616.txt,https://www.charteredaccountants.ie,34,www.charteredaccountants.ie,27,0,ie,100,1,0.0015878,0.064464931,2,1,0,0,0,21,0.618,0,0,0,0,0,1,0.029,1,3220,2928,1,charteredaccountants,100,100,0,0,1,0,0,1,0,2,0,1,1,1,1,0,1,0,1,30,16,9,195,0,18,1,Valuable
761515.txt,https://www.securepay.com,24,www.securepay.com,17,0,com,100,1,0.5229071,0.063341231,3,1,0,0,0,11,0.458,0,0,0,0,0,1,0.042,1,896,1010,1,securepay,100,100,1,0,1,0,0,1,0,0,0,0,1,0,0,0,1,0,1,22,10,20,3,7,11,1,Valuable
610738.txt,https://www.authortialewis.com,29,www.authortialewis.com,22,0,com,100,1,0.5229071,0.062126027,3,1,0,0,0,16,0.552,0,0,0,0,0,1,0.034,1,457,1746,1,authortialewis,100,100,0,0,1,1,0,0,0,0,0,0,1,0,0,0,0,0,1,7,4,8,35,0,53,1,Valuable
82156.txt,https://www.hawaiitourismauthority.org,37,www.hawaiitourismauthority.org,30,0,org,100,1,0.0799628,0.05872828,3,1,0,0,0,24,0.649,0,0,0,0,0,1,0.027,1,584,1428,1,hawaiitourismauthity,0,0,0,0,1,1,0,1,0,2,0,1,1,1,0,1,0,0,1,14,1,7,84,2,20,1,Valuable
87604.txt,https://www.slscottauthor.com,28,www.slscottauthor.com,21,0,com,100,1,0.5229071,0.064760218,3,1,0,0,0,15,0.536,0,0,0,0,0,1,0.036,1,7238,13486,1,slsttauthor,0,0,1,0,1,0,0,1,0,1,0,1,0,1,0,0,1,0,1,95,4,19,87,2,71,1,Valuable
619111.txt,https://www.chrismoss-author.com,31,www.chrismoss-author.com,24,0,com,100,0.625,0.5229071,0.06382142,3,1,0,0,0,17,0.548,0,0,0,0,0,2,0.065,1,1004,1486,1,chrismoss-author,100,100,0,0,0,1,0,0,0,0,0,0,1,1,0,0,0,0,1,23,4,7,38,0,2,1,Valuable
169651.txt,https://www.polymerupdate.com,28,www.polymerupdate.com,21,0,com,100,1,0.5229071,0.059030637,3,1,0,0,0,15,0.536,0,0,0,0,0,1,0.036,1,3195,971,1,polymerupdate,100,100,1,0,1,1,0,1,2,4,0,1,0,0,0,0,1,0,1,37,42,12,487,24,58,1,Valuable
18298.txt,https://www.secureworks.com,26,www.secureworks.com,19,0,com,100,1,0.5229071,0.063359048,3,1,0,0,0,13,0.5,0,0,0,0,0,1,0.038,1,2759,19657,1,secureworks,100,100,1,0,1,0,0,1,0,2,0,1,0,0,1,0,0,0,1,3,10,13,18,8,8,1,Valuable
109651.txt,https://www.eljamesauthor.com,28,www.eljamesauthor.com,21,0,com,100,1,0.5229071,0.063898044,3,1,0,0,0,15,0.536,0,0,0,0,0,1,0.036,1,903,10612,1,eljamesauthor,100,100,1,1,1,0,0,1,0,1,1,0,1,1,0,0,0,0,1,24,10,9,54,10,56,1,Valuable
612392.txt,https://www.victoriarobertsauthor.com,36,www.victoriarobertsauthor.com,29,0,com,100,1,0.5229071,0.064910492,3,1,0,0,0,23,0.639,0,0,0,0,0,1,0.028,1,191,526,1,victoriarobertsauthor,100,100,1,0,0,0,0,0,0,0,0,1,0,0,0,0,0,0,0,54,2,1,0,0,2,1,Valuable
256064.txt,https://www.takemelogin.la,25,www.takemelogin.la,18,0,la,100,1,0.0001919,0.060883155,2,1,0,0,0,12,0.48,0,0,0,0,0,1,0.04,1,1155,1194,1,takemeogin,0,0,1,1,1,1,1,1,0,7,0,1,0,0,0,0,0,0,0,69,11,27,95,3,103,1,Valuable
901582.txt,https://www.ponyracingauthority.co.uk,36,www.ponyracingauthority.co.uk,29,0,uk,100,0.909090909,0.028555,0.057262385,2,2,0,0,0,22,0.611,0,0,0,0,0,2,0.056,1,1184,3883,1,ponyracingathorityco,0,0,0,1,1,0,0,0,0,0,0,1,1,1,0,0,0,0,1,11,6,14,120,0,129,1,Valuable
733771.txt,https://www.mangaupdates.com,27,www.mangaupdates.com,20,0,com,100,1,0.5229071,0.061035899,3,1,0,0,0,14,0.519,0,0,0,0,0,1,0.037,1,426,1457,1,mangaupdates,100,100,0,0,1,0,0,1,0,0,0,0,1,1,1,0,0,0,0,2,1,2,75,0,71,1,Valuable
42878.txt,https://www.ukauthority.com,26,www.ukauthority.com,19,0,com,100,1,0.5229071,0.054747408,3,1,0,0,0,13,0.5,0,0,0,0,0,1,0.038,1,842,331,1,ukauthority,100,100,0,0,1,0,0,1,0,2,0,1,1,0,0,0,1,0,1,56,3,16,96,0,16,1,Valuable
516214.txt,https://www.designingnorth.com,29,www.designingnorth.com,22,0,com,100,1,0.5229071,0.059354225,3,1,0,0,0,16,0.552,0,0,0,0,0,1,0.034,1,1249,1782,1,designingnorth,100,100,1,0,1,0,0,0,0,2,0,1,1,0,0,0,0,0,1,30,9,13,32,6,49,1,Valuable
613390.txt,https://www.paidsurveyupdate.com,31,www.paidsurveyupdate.com,24,0,com,100,1,0.5229071,0.052879188,3,1,0,0,0,18,0.581,0,0,0,0,0,1,0.032,1,5580,9684,1,paidsurveyupdate,100,100,1,1,0,1,1,0,0,6,0,1,1,1,0,0,1,1,1,8,4,8,8,0,8,1,Valuable
851715.txt,https://www.noidaauthorityonline.in,34,www.noidaauthorityonline.in,27,0,in,100,1,0.0050842,0.061907891,2,1,0,0,0,21,0.618,0,0,0,0,0,1,0.029,1,571,6726,1,nodaauthortyonlne,0,0,1,0,1,0,0,0,0,0,0,1,1,1,0,0,1,0,1,59,16,19,4,22,32,1,Valuable
629483.txt,https://www.authorjuliespencer.com,33,www.authorjuliespencer.com,26,0,com,100,1,0.5229071,0.060868751,3,1,0,0,0,20,0.606,0,0,0,0,0,1,0.03,1,1278,1710,1,authorjuliespencer,100,100,0,0,1,0,0,1,0,6,0,1,0,1,0,0,1,0,0,28,6,14,40,1,27,1,Valuable
589900.txt,https://www.authormekajames.com,30,www.authormekajames.com,23,0,com,100,1,0.5229071,0.063224316,3,1,0,0,0,17,0.567,0,0,0,0,0,1,0.033,1,1049,2702,1,authormekajames,100,100,0,0,1,0,0,1,0,3,0,1,1,1,0,0,1,0,1,8,16,13,44,0,9,1,Valuable
612251.txt,https://www.laurieryanauthor.com,31,www.laurieryanauthor.com,24,0,com,100,1,0.5229071,0.06210653,3,1,0,0,0,18,0.581,0,0,0,0,0,1,0.032,1,650,12518,1,laurieryanauthor,100,100,0,1,1,0,0,1,0,0,0,1,0,1,0,0,0,0,1,23,8,15,56,2,75,1,Valuable
66977.txt,https://www.bishop-accountability.org,36,www.bishop-accountability.org,29,0,org,100,0.714285714,0.0799628,0.057899243,3,1,0,0,0,22,0.611,0,0,0,0,0,2,0.056,1,1322,2279,1,bishop-accountability,100,100,1,1,1,0,0,1,0,0,0,0,1,1,0,1,0,0,1,20,16,15,91,0,39,1,Valuable
135863.txt,https://www.politicalaccountability.net,38,www.politicalaccountability.net,31,0,net,100,1,0.0384199,0.060503538,3,1,0,0,0,25,0.658,0,0,0,0,0,1,0.026,1,3708,9493,1,politicalaccountability,100,100,0,1,1,0,0,1,0,0,1,1,1,1,1,1,0,0,0,62,17,16,147,1,128,1,Valuable
47129.txt,https://www.authorsalliance.org,30,www.authorsalliance.org,23,0,org,100,1,0.0799628,0.065227868,3,1,0,0,0,17,0.567,0,0,0,0,0,1,0.033,1,494,8199,1,authsalliance,0,0,1,1,0,0,0,1,0,1,0,1,0,0,0,0,0,0,1,9,18,17,73,0,90,1,Valuable
169829.txt,https://www.qrlogin.info,23,www.qrlogin.info,16,0,info,100,1,0.0075051,0.049357112,4,1,0,0,0,10,0.435,0,0,0,0,0,1,0.043,1,317,356,1,qrlogin,100,100,1,0,1,0,0,1,0,1,0,1,0,0,0,0,0,0,1,5,7,10,4,1,3,1,Valuable
850380.txt,https://www.designingmusicnow.com,32,www.designingmusicnow.com,25,0,com,100,1,0.5229071,0.058150435,3,1,0,0,0,19,0.594,0,0,0,0,0,1,0.031,1,2468,677,1,designingmusicnow,100,100,1,1,1,0,0,1,0,1,0,0,0,0,0,1,1,0,1,0,0,5,0,0,14,1,Valuable
452125.txt,https://www.logintc.com,22,www.logintc.com,15,0,com,100,1,0.5229071,0.066383478,3,1,0,0,0,9,0.409,0,0,0,0,0,1,0.045,1,635,8047,1,logintc,100,100,1,1,1,0,0,1,0,1,0,1,0,0,0,0,0,0,1,25,6,10,104,0,86,1,Valuable
572732.txt,https://www.chriscannonauthor.com,32,www.chriscannonauthor.com,25,0,com,100,1,0.5229071,0.065214428,3,1,0,0,0,19,0.594,0,0,0,0,0,1,0.031,1,1189,23327,1,chriscannonauthor,100,100,0,1,1,0,0,1,0,1,0,1,1,1,0,0,0,0,1,9,10,20,80,2,89,1,Valuable
576882.txt,https://www.latestupdate9.com,28,www.latestupdate9.com,21,0,com,100,1,0.5229071,0.057912293,3,1,0,0,0,14,0.5,1,0.036,0,0,0,1,0.036,1,1488,20368,1,latestupdate9,100,100,1,0,0,0,0,0,1,10,0,1,1,1,0,0,0,0,1,14,4,10,27,0,36,1,Valuable
425547.txt,https://www.designingvashti.com,30,www.designingvashti.com,23,0,com,100,1,0.5229071,0.055231892,3,1,0,0,0,17,0.567,0,0,0,0,0,1,0.033,1,1000,9455,1,designingvashti,100,100,0,1,1,0,0,1,0,0,0,0,1,1,1,0,1,0,1,16,10,14,125,0,127,1,Valuable
609363.txt,https://www.cathymacraeauthor.com,32,www.cathymacraeauthor.com,25,0,com,100,1,0.5229071,0.06463193,3,1,0,0,0,19,0.594,0,0,0,0,0,1,0.031,1,950,5137,1,cathymacraeauthor,100,100,0,0,1,0,0,1,0,3,0,1,0,1,0,0,1,0,0,28,13,11,27,1,19,1,Valuable
501476.txt,https://www.saskhealthauthority.ca,33,www.saskhealthauthority.ca,26,0,ca,100,1,0.0101825,0.054344185,2,1,0,0,0,20,0.606,0,0,0,0,0,1,0.03,1,6878,903,1,saskhealthauthority,100,100,1,0,1,0,0,1,0,1,0,1,1,1,0,1,1,0,1,22,5,5,704,3,15,1,Valuable
656815.txt,https://www.nancyjacksonauthor.com,33,www.nancyjacksonauthor.com,26,0,com,100,1,0.5229071,0.060330436,3,1,0,0,0,20,0.606,0,0,0,0,0,1,0.03,1,3689,4461,1,nancyjacksonauthor,100,100,0,1,1,0,0,1,0,19,0,1,1,1,1,1,1,0,1,138,4,19,113,0,29,1,Valuable
882160.txt,https://www.dinarupdates.com,27,www.dinarupdates.com,20,0,com,100,1,0.5229071,0.059895527,3,1,0,0,0,14,0.519,0,0,0,0,0,1,0.037,1,390,191,1,dinarupdates,100,100,0,0,1,0,0,1,0,1,0,1,0,1,0,1,0,0,1,24,2,8,2,0,3,1,Valuable
623195.txt,https://www.christinageorgeauthor.com,36,www.christinageorgeauthor.com,29,0,com,100,1,0.5229071,0.063788065,3,1,0,0,0,23,0.639,0,0,0,0,0,1,0.028,1,1026,9381,1,christinageorgeauthor,100,100,0,1,1,0,0,0,1,1,0,1,1,1,0,0,0,0,1,26,16,18,68,0,71,1,Valuable
622575.txt,https://www.andreahurst-author.com,33,www.andreahurst-author.com,26,0,com,100,0.666666667,0.5229071,0.061202741,3,1,0,0,0,19,0.576,0,0,0,0,0,2,0.061,1,436,2502,1,andreahurst-author,100,100,1,1,1,0,0,1,0,0,0,1,0,0,0,0,0,0,1,18,5,13,31,0,43,1,Valuable
131657.txt,https://www.authoritylabs.com,28,www.authoritylabs.com,21,0,com,100,1,0.5229071,0.057779123,3,1,0,0,0,15,0.536,0,0,0,0,0,1,0.036,1,1551,9381,1,authoritylabs,100,100,1,1,1,0,0,1,0,3,0,1,0,1,0,0,0,0,1,19,22,37,65,2,72,1,Valuable
620731.txt,https://www.smartaccount-bd.com,30,www.smartaccount-bd.com,23,0,com,100,0.866666667,0.5229071,0.063638935,3,1,0,0,0,16,0.533,0,0,0,0,0,2,0.067,1,862,549,1,smartacunt-bd,0,0,1,1,1,0,0,1,0,0,0,1,1,1,0,1,1,0,1,39,7,10,56,0,59,1,Valuable
799374.txt,https://www.parisupdate.com,26,www.parisupdate.com,19,0,com,100,1,0.5229071,0.05967518,3,1,0,0,0,13,0.5,0,0,0,0,0,1,0.038,1,1251,8047,1,parisupdate,100,100,1,1,1,0,0,1,0,0,0,1,1,1,0,1,1,0,1,16,25,26,215,7,236,1,Valuable
782569.txt,https://www.acauthorities.org,28,www.acauthorities.org,21,0,org,100,1,0.0799628,0.06682406,3,1,0,0,0,15,0.536,0,0,0,0,0,1,0.036,1,685,1015,1,acauthities,0,0,1,0,1,0,0,1,0,0,0,1,0,1,0,1,1,0,1,18,4,6,33,0,33,1,Valuable
21536.txt,https://www.loginradius.com,26,www.loginradius.com,19,0,com,100,1,0.5229071,0.061084362,3,1,0,0,0,13,0.5,0,0,0,0,0,1,0.038,1,2363,9547,1,loginradius,100,100,1,1,1,0,0,1,0,1,0,1,1,1,0,1,0,0,1,52,4,23,184,1,125,1,Valuable
115067.txt,https://www.independentauthornetwork.com,39,www.independentauthornetwork.com,32,0,com,100,1,0.5229071,0.060401122,3,1,0,0,0,26,0.667,0,0,0,0,0,1,0.026,1,1525,11917,1,independentauthornetwork,100,100,0,0,1,0,0,1,0,3,0,1,0,1,0,1,1,0,1,55,5,12,46,0,7,1,Valuable
600583.txt,https://www.secureautoshipping.com,33,www.secureautoshipping.com,26,0,com,100,1,0.5229071,0.059463876,3,1,0,0,0,20,0.606,0,0,0,0,0,1,0.03,1,921,4490,1,secureautoshipping,100,100,0,1,1,0,0,1,0,5,0,1,1,1,0,0,0,0,1,18,3,21,57,0,72,1,Valuable
35153.txt,https://www.authorea.com,23,www.authorea.com,16,0,com,100,1,0.5229071,0.070303423,3,1,0,0,0,10,0.435,0,0,0,0,0,1,0.043,1,5416,7511,1,authorea,100,100,0,0,1,1,0,1,0,0,0,1,0,0,0,1,1,0,0,32,16,25,159,0,22,1,Valuable
636549.txt,https://www.the-furniture-authority.com,38,www.the-furniture-authority.com,31,0,com,100,0.434782609,0.5229071,0.05654104,3,1,0,0,0,23,0.605,0,0,0,0,0,3,0.079,1,1079,1285,1,the-furniture-authority,100,100,0,1,1,0,0,1,1,0,0,1,1,1,1,0,1,0,1,29,8,12,186,0,165,1,Valuable
755813.txt,https://www.sukabumiupdate.com,29,www.sukabumiupdate.com,22,0,com,100,1,0.5229071,0.053308996,3,1,0,0,0,16,0.552,0,0,0,0,0,1,0.034,1,2296,412,1,sukabumiupdate,100,100,1,1,1,0,0,1,0,2,0,1,0,0,0,1,1,0,0,68,4,15,175,0,179,1,Valuable
172607.txt,https://www.dialoginternational.com,34,www.dialoginternational.com,27,0,com,100,1,0.5229071,0.066333008,3,1,0,0,0,21,0.618,0,0,0,0,0,1,0.029,1,1392,2461,1,dialoginternational,100,100,0,0,0,0,0,1,0,1,0,1,0,0,0,0,1,0,0,0,4,13,115,0,211,1,Valuable
51737.txt,https://www.accountancyage.com,29,www.accountancyage.com,22,0,com,100,1,0.5229071,0.067128603,3,1,0,0,0,16,0.552,0,0,0,0,0,1,0.034,1,1576,8047,1,acuntancyage,0,0,1,1,1,0,0,0,1,1,0,1,1,0,0,1,1,0,1,29,10,32,196,5,202,1,Valuable
612334.txt,https://www.rjjonesauthor.com,28,www.rjjonesauthor.com,21,0,com,100,1,0.5229071,0.060703435,3,1,0,0,0,15,0.536,0,0,0,0,0,1,0.036,1,754,2234,1,rjjonesauthor,100,100,0,0,1,0,0,1,4,1,0,1,1,1,0,0,0,0,0,14,5,11,1,4,106,1,Valuable
643927.txt,https://www.authentickitchendesign.com,37,www.authentickitchendesign.com,30,0,com,100,1,0.5229071,0.058677118,3,1,0,0,0,24,0.649,0,0,0,0,0,1,0.027,1,1252,9381,1,authentickitchendesign,100,100,1,1,1,0,0,1,0,6,0,1,0,1,0,0,0,0,1,38,16,23,53,3,59,1,Valuable
439477.txt,https://www.coachaccountable.com,31,www.coachaccountable.com,24,0,com,100,1,0.5229071,0.068854783,3,1,0,0,0,18,0.581,0,0,0,0,0,1,0.032,1,926,848,1,achacuntable,0,0,1,0,1,0,0,1,0,3,0,0,0,0,0,0,1,0,1,15,3,5,28,0,36,1,Valuable
602525.txt,https://www.kmrandallauthor.com,30,www.kmrandallauthor.com,23,0,com,100,1,0.5229071,0.059310955,3,1,0,0,0,17,0.567,0,0,0,0,0,1,0.033,1,989,1524,1,kmrandallauthor,100,100,0,0,1,0,0,1,0,3,0,1,1,1,0,0,1,0,0,26,7,16,34,0,17,1,Valuable
529856.txt,https://www.camsecure.co.uk,26,www.camsecure.co.uk,19,0,uk,100,0.833333333,0.028555,0.068719463,2,2,0,0,0,12,0.462,0,0,0,0,0,2,0.077,1,525,1218,1,camsecreco,0,0,1,0,1,0,0,1,0,3,0,1,0,0,0,0,1,0,1,10,6,14,68,4,16,1,Valuable
163083.txt,https://www.accountingweb.co.uk,30,www.accountingweb.co.uk,23,0,uk,100,0.875,0.028555,0.059590516,2,2,0,0,0,16,0.533,0,0,0,0,0,2,0.067,1,4948,3068,1,accontingwebco,0,0,1,0,1,0,0,1,0,2,0,1,1,1,0,1,1,1,1,92,6,15,522,0,46,1,Valuable
37623.txt,https://www.authentiq.com,24,www.authentiq.com,17,0,com,100,1,0.5229071,0.057676167,3,1,0,0,0,11,0.458,0,0,0,0,0,1,0.042,1,530,952,1,authentiq,100,100,0,0,1,0,0,1,0,0,0,1,1,0,0,0,0,0,1,6,2,9,13,0,23,1,Valuable
643925.txt,https://www.authenticitycounseling.com,37,www.authenticitycounseling.com,30,0,com,100,1,0.5229071,0.059976726,3,1,0,0,0,24,0.649,0,0,0,0,0,1,0.027,1,700,3458,1,authenticityunseling,0,0,1,1,1,0,0,1,1,0,0,0,0,0,0,0,0,0,1,14,11,4,23,0,21,1,Valuable
85936.txt,https://www.securemessagingapps.com,34,www.securemessagingapps.com,27,0,com,100,1,0.5229071,0.061196606,3,1,0,0,0,21,0.618,0,0,0,0,0,1,0.029,1,490,8364,1,securemessagingapps,100,100,0,1,1,0,0,1,0,0,0,0,1,1,0,0,1,1,1,5,9,13,42,1,47,1,Valuable
797482.txt,https://www.nsupdate.info,24,www.nsupdate.info,17,0,info,100,1,0.0075051,0.051080482,4,1,0,0,0,11,0.458,0,0,0,0,0,1,0.042,1,249,219,1,nsupdate,100,100,1,0,1,0,0,1,0,0,0,0,0,1,0,0,0,0,0,2,3,3,14,5,4,1,Valuable
611290.txt,https://www.sallychristieauthor.com,34,www.sallychristieauthor.com,27,0,com,100,1,0.5229071,0.059712302,3,1,0,0,0,21,0.618,0,0,0,0,0,1,0.029,1,1129,828,1,sallychristieauthor,100,100,0,0,1,0,0,1,0,3,0,1,0,1,0,0,1,0,0,21,5,11,46,0,8,1,Valuable
565711.txt,https://www.natalieperryauthor.com,33,www.natalieperryauthor.com,26,0,com,100,1,0.5229071,0.062780671,3,1,0,0,0,20,0.606,0,0,0,0,0,1,0.03,1,1221,9381,1,natalieperryauthor,100,100,0,1,1,0,0,0,1,0,0,1,1,0,0,0,0,0,1,5,19,10,32,0,37,1,Valuable
467452.txt,https://www.authormark.com,25,www.authormark.com,18,0,com,100,1,0.5229071,0.062774435,3,1,0,0,0,12,0.48,0,0,0,0,0,1,0.04,1,1715,5106,1,authormark,100,100,0,0,0,0,0,0,0,0,0,1,0,0,0,1,0,0,1,1,0,3,1,0,288,1,Valuable
162356.txt,https://www.update.ph,20,www.update.ph,13,0,ph,100,1,0.0004928,0.048293401,2,1,0,0,0,7,0.35,0,0,0,0,0,1,0.05,1,806,8047,1,udate,0,0,0,1,1,0,0,1,0,2,1,1,1,1,0,0,0,0,1,25,5,7,44,0,46,1,Valuable
102283.txt,https://www.brailleauthority.org,31,www.brailleauthority.org,24,0,org,100,1,0.0799628,0.05878585,3,1,0,0,0,18,0.581,0,0,0,0,0,1,0.032,1,297,399,1,brailleauthity,0,0,0,0,1,0,0,0,0,0,0,1,0,1,0,0,0,0,0,8,58,10,81,0,5,1,Valuable
396095.txt,https://www.localauthoritypublishing.co.uk,41,www.localauthoritypublishing.co.uk,34,0,uk,100,0.925925926,0.028555,0.05379811,2,2,0,0,0,27,0.659,0,0,0,0,0,2,0.049,1,748,2501,1,localathoritypblishingco,0,0,1,1,1,0,0,1,0,0,0,0,0,1,0,0,0,0,1,11,22,25,104,0,93,1,Valuable
389930.txt,https://www.birminghamupdates.com,32,www.birminghamupdates.com,25,0,com,100,1,0.5229071,0.056315467,3,1,0,0,0,19,0.594,0,0,0,0,0,1,0.031,1,7220,9458,1,birminghamupdates,100,100,0,1,1,0,0,1,0,0,0,1,1,0,1,1,1,0,1,57,4,16,133,11,157,1,Valuable
393560.txt,https://www.authenticintimacy.com,32,www.authenticintimacy.com,25,0,com,100,1,0.5229071,0.06181963,3,1,0,0,0,19,0.594,0,0,0,0,0,1,0.031,1,2030,1093,1,authenticintimacy,100,100,0,0,1,1,0,0,0,0,0,1,0,1,0,0,0,0,1,26,0,8,105,13,62,1,Valuable
18664.txt,https://www.authorsden.com,25,www.authorsden.com,18,0,com,100,1,0.5229071,0.063737691,3,1,0,0,0,12,0.48,0,0,0,0,0,1,0.04,1,1051,12307,1,authorsden,100,100,0,1,0,0,0,1,0,0,0,0,1,1,0,0,0,0,1,42,0,0,287,0,46,1,Valuable
47236.txt,https://www.cleanenergyauthority.com,35,www.cleanenergyauthority.com,28,0,com,100,1,0.5229071,0.061308699,3,1,0,0,0,22,0.629,0,0,0,0,0,1,0.029,1,1839,36376,1,cleanenergyauthority,100,100,1,0,1,0,0,1,0,1,0,1,1,1,0,0,0,1,1,27,9,15,102,1,20,1,Valuable
489205.txt,https://www.toniandersonauthor.com,33,www.toniandersonauthor.com,26,0,com,100,1,0.5229071,0.067336093,3,1,0,0,0,20,0.606,0,0,0,0,0,1,0.03,1,1126,25345,1,toniandersonauthor,100,100,0,1,1,0,0,1,0,2,0,1,1,1,0,0,0,0,1,37,27,36,92,0,106,1,Valuable
594601.txt,https://www.authenticbooks.com,29,www.authenticbooks.com,22,0,com,100,1,0.5229071,0.062807712,3,1,0,0,0,16,0.552,0,0,0,0,0,1,0.034,1,2401,2683,1,authenticbooks,100,100,1,0,1,1,0,1,0,19,0,1,1,1,1,1,1,0,1,85,6,20,48,1,11,1,Valuable
160242.txt,https://www.climatechangeauthority.gov.au,40,www.climatechangeauthority.gov.au,33,0,au,100,0.884615385,0.0100856,0.058927095,2,2,0,0,0,26,0.65,0,0,0,0,0,2,0.05,1,951,2189,1,climtechngeuthoritygov,0,0,1,0,1,0,0,0,0,0,0,1,1,1,0,0,1,0,0,23,2,3,57,0,10,1,Valuable
633042.txt,https://www.kimberlydiedeauthor.com,34,www.kimberlydiedeauthor.com,27,0,com,100,1,0.5229071,0.057452224,3,1,0,0,0,21,0.618,0,0,0,0,0,1,0.029,1,600,1350,1,kimberlydiedeauthor,100,100,0,0,1,0,0,1,0,3,0,1,0,1,0,0,1,0,0,14,8,10,19,1,2,1,Valuable
624969.txt,https://www.melaniemasonauthor.com,33,www.melaniemasonauthor.com,26,0,com,100,1,0.5229071,0.06884187,3,1,0,0,0,20,0.606,0,0,0,0,0,1,0.03,1,585,1350,1,melaniemasonauthor,100,100,0,0,1,0,0,1,0,3,0,1,0,1,0,0,1,0,0,11,16,12,17,1,3,1,Valuable
629250.txt,https://www.anitamerrickauthor.com,33,www.anitamerrickauthor.com,26,0,com,100,1,0.5229071,0.064923192,3,1,0,0,0,20,0.606,0,0,0,0,0,1,0.03,1,476,885,1,anitamerrickauthor,100,100,0,0,1,0,0,1,0,3,0,1,0,1,0,0,1,0,0,8,5,7,16,0,2,1,Valuable
220292.txt,https://www.accountable.eu,25,www.accountable.eu,18,0,eu,100,1,0.0056158,0.066694261,2,1,0,0,0,12,0.48,0,0,0,0,0,1,0.04,1,900,476,1,accountabl,90.90909091,90.90909091,1,0,1,0,0,1,0,0,0,1,0,0,0,1,1,0,0,27,5,10,50,0,64,1,Valuable
747299.txt,https://www.authentic8.com,25,www.authentic8.com,18,0,com,100,1,0.5229071,0.058876353,3,1,0,0,0,11,0.44,1,0.04,0,0,0,1,0.04,1,2014,4687,1,authentic8,100,100,1,0,1,0,0,1,0,3,0,1,0,0,0,1,0,0,1,45,3,5,138,0,19,1,Valuable
133555.txt,https://www.loginworks.com,25,www.loginworks.com,18,0,com,100,1,0.5229071,0.059711158,3,1,0,0,0,12,0.48,0,0,0,0,0,1,0.04,1,1764,11490,1,loginworks,100,100,1,1,1,0,0,1,0,11,0,1,1,1,0,0,0,0,1,75,13,28,90,7,88,1,Valuable
401603.txt,https://www.loginizer.com,24,www.loginizer.com,17,0,com,100,1,0.5229071,0.062673219,3,1,0,0,0,11,0.458,0,0,0,0,0,1,0.042,1,2475,817,1,loginizer,100,100,0,0,1,0,0,0,0,0,1,1,1,1,0,0,0,0,1,5,2,6,35,0,59,1,Valuable
489245.txt,https://www.authorjessmichaels.com,33,www.authorjessmichaels.com,26,0,com,100,1,0.5229071,0.061481928,3,1,0,0,0,20,0.606,0,0,0,0,0,1,0.03,1,894,9381,1,authorjessmichaels,100,100,0,1,1,0,0,1,0,3,0,1,1,0,0,0,0,0,1,18,20,23,33,0,41,1,Valuable
569907.txt,https://www.mayatylerauthor.com,30,www.mayatylerauthor.com,23,0,com,100,1,0.5229071,0.060791074,3,1,0,0,0,17,0.567,0,0,0,0,0,1,0.033,1,1276,14281,1,mayatylerauthor,100,100,0,0,1,0,0,1,0,3,0,1,0,1,0,0,1,0,1,16,10,14,21,3,16,1,Valuable
758628.txt,https://www.technicalauthoring.com,33,www.technicalauthoring.com,26,0,com,100,1,0.5229071,0.062019983,3,1,0,0,0,20,0.606,0,0,0,0,0,1,0.03,1,346,1790,1,technicalauthoring,100,100,0,0,1,0,0,1,0,0,0,0,1,0,0,0,1,0,1,2,3,7,56,0,62,1,Valuable
577023.txt,https://www.blogintandem.ro,26,www.blogintandem.ro,19,0,ro,100,1,0.001523,0.058063503,2,1,0,0,0,13,0.5,0,0,0,0,0,1,0.038,1,2010,9381,1,blogintandem,100,100,0,1,1,0,0,1,0,0,0,1,0,0,0,0,0,0,1,12,14,24,93,1,99,1,Valuable
5769.txt,https://www.onelogin.com,23,www.onelogin.com,16,0,com,100,1,0.5229071,0.071907057,3,1,0,0,0,10,0.435,0,0,0,0,0,1,0.043,1,1585,2223,1,onelogin,100,100,0,0,1,0,0,1,0,2,0,1,0,1,0,0,0,0,1,12,2,13,127,0,28,1,Valuable
519781.txt,https://www.lynnwallaceauthor.com,32,www.lynnwallaceauthor.com,25,0,com,100,1,0.5229071,0.059242339,3,1,0,0,0,19,0.594,0,0,0,0,0,1,0.031,1,654,1350,1,lynnwallaceauthor,100,100,0,0,1,0,0,1,0,3,0,0,1,1,0,0,1,0,0,3,13,13,24,0,1,1,Valuable
221364.txt,https://www.runmyaccounts.ch,27,www.runmyaccounts.ch,20,0,ch,100,1,0.0049832,0.059237122,2,1,0,0,0,14,0.519,0,0,0,0,0,1,0.037,1,1083,20690,1,runmyaounts,0,0,0,1,1,0,0,1,0,0,0,1,1,1,0,1,1,0,1,43,27,25,98,2,109,1,Valuable
556729.txt,https://www.authenticsoccer.com,30,www.authenticsoccer.com,23,0,com,100,1,0.5229071,0.068297283,3,1,0,0,0,17,0.567,0,0,0,0,0,1,0.033,1,1260,5442,1,authenticsoccer,100,100,1,0,1,0,0,0,0,0,0,1,0,1,0,0,0,0,1,21,1,5,82,0,9,1,Valuable
5682.txt,https://www.authorize.net,24,www.authorize.net,17,0,net,100,1,0.0384199,0.060146482,3,1,0,0,0,11,0.458,0,0,0,0,0,1,0.042,1,7591,400,1,authorize,100,100,1,0,1,0,0,1,0,3,0,1,1,0,0,0,1,0,1,30,3,8,67,0,15,1,Valuable
491889.txt,https://www.authlete.com,23,www.authlete.com,16,0,com,100,1,0.5229071,0.064450315,3,1,0,0,0,10,0.435,0,0,0,0,0,1,0.043,1,1064,342,1,authlete,100,100,1,0,1,0,0,1,0,1,0,1,0,0,0,1,1,0,1,44,5,13,81,0,91,1,Valuable
797772.txt,https://www.habitatauthority.org,31,www.habitatauthority.org,24,0,org,100,1,0.0799628,0.05756748,3,1,0,0,0,18,0.581,0,0,0,0,0,1,0.032,1,386,5229,1,habitatauthity,0,0,1,0,0,0,0,0,0,6,0,1,0,1,0,0,1,0,1,27,16,29,63,5,62,1,Valuable
581775.txt,https://www.authorsummerleigh.com,32,www.authorsummerleigh.com,25,0,com,100,1,0.5229071,0.060122122,3,1,0,0,0,19,0.594,0,0,0,0,0,1,0.031,1,985,2427,1,authorsummerleigh,100,100,0,0,1,0,0,1,0,0,0,1,1,1,0,0,0,0,1,38,22,40,46,1,62,1,Valuable
500115.txt,https://www.safeandsecureig.org,30,www.safeandsecureig.org,23,0,org,100,1,0.0799628,0.062834225,3,1,0,0,0,17,0.567,0,0,0,0,0,1,0.033,1,240,3636,1,safeandsecureig,100,100,0,0,0,0,0,0,0,3,0,0,0,0,0,0,0,0,1,4,26,17,57,0,1,1,Valuable
48808.txt,https://www.authress.io,22,www.authress.io,15,0,io,100,1,0.0129268,0.057603236,2,1,0,0,0,9,0.409,0,0,0,0,0,1,0.045,1,334,510,1,authress,100,100,1,0,1,0,0,1,0,0,0,0,0,0,0,0,1,0,1,15,2,1,10,0,5,1,Valuable
